{"3": {"accuracy": [0.9514, 0.9466, 0.9502], "avg_f1": [0.9513495024465819, 0.9469840374445612, 0.9503368590260637], "avg_precision": [0.9521772018292947, 0.9495298996533931, 0.9512218119866083], "avg_recall": [0.9514000000000001, 0.9465999999999999, 0.9502], "time": [101.38484859466553, 86.24353194236755, 86.74475240707397]}, "5": {"accuracy": [0.9503, 0.9329, 0.9556], "avg_f1": [0.9504530829052751, 0.9330108359022832, 0.9556305649266041], "avg_precision": [0.9514986985907127, 0.9350286239895975, 0.9560426344485305], "avg_recall": [0.9503, 0.9328999999999998, 0.9555999999999999], "time": [85.76985478401184, 85.95497179031372, 84.78626608848572]}, "7": {"accuracy": [0.9283, 0.9326, 0.9486], "avg_f1": [0.9283801029094658, 0.9330989637073899, 0.9486038822649402], "avg_precision": [0.9313502399935008, 0.935916813549234, 0.9490674531386342], "avg_recall": [0.9283000000000001, 0.9325999999999999, 0.9486000000000001], "time": [85.45176577568054, 84.38951754570007, 85.4469051361084]}, "9": {"accuracy": [0.9156, 0.9137, 0.9249], "avg_f1": [0.9155657262538488, 0.9136068966343064, 0.925062591169306], "avg_precision": [0.9192764805391185, 0.9154316805342679, 0.9281588982408164], "avg_recall": [0.9155999999999999, 0.9137000000000001, 0.9249], "time": [86.06330132484436, 88.97823905944824, 86.36783719062805]}, "11": {"accuracy": [0.8442, 0.9154, 0.8989], "avg_f1": [0.8449931599577436, 0.9152717833871788, 0.8992977703831795], "avg_precision": [0.8621198550893947, 0.9168504010138445, 0.904165319187842], "avg_recall": [0.8442000000000001, 0.9154, 0.8989], "time": [87.32790780067444, 87.5110113620758, 87.10429334640503]}, "13": {"accuracy": [0.8976, 0.8886, 0.9034], "avg_f1": [0.8976261729351094, 0.8886785061334619, 0.9035598835939043], "avg_precision": [0.9002403720207411, 0.8918525014965523, 0.9054316699015817], "avg_recall": [0.8976, 0.8886, 0.9033999999999999], "time": [89.28330492973328, 88.58581948280334, 88.20672512054443]}, "15": {"accuracy": [0.8561, 0.8259, 0.7899], "avg_f1": [0.8574049195474942, 0.8265007507519322, 0.7883903724287915], "avg_precision": [0.8675632264552225, 0.8334048909963856, 0.7989475090692586], "avg_recall": [0.8561, 0.8259000000000001, 0.7899], "time": [100.54832243919373, 94.12024068832397, 95.5076904296875]}}