{"3": {"accuracy": [0.9573, 0.944, 0.9559], "avg_f1": [0.9573005999050948, 0.9439378274502612, 0.9558047267849021], "avg_precision": [0.9574664185062629, 0.9453570924968953, 0.9566828469588721], "avg_recall": [0.9572999999999998, 0.944, 0.9559000000000001], "time": [82.91275525093079, 92.54746961593628, 92.6411759853363]}, "5": {"accuracy": [0.9564, 0.9523, 0.9579], "avg_f1": [0.9563719333308777, 0.9522711218405266, 0.9579163792718155], "avg_precision": [0.956495885055778, 0.9525748801131624, 0.9582549639900264], "avg_recall": [0.9564, 0.9522999999999999, 0.9579000000000001], "time": [82.11890435218811, 84.64894914627075, 83.36637353897095]}, "7": {"accuracy": [0.9543, 0.9505, 0.9521], "avg_f1": [0.9544215817597443, 0.9505169598667974, 0.9519464513295407], "avg_precision": [0.9551473752348676, 0.9511391685977424, 0.9530696701780679], "avg_recall": [0.9542999999999999, 0.9505000000000001, 0.9521], "time": [94.12171006202698, 93.93152785301208, 102.13063645362854]}, "9": {"accuracy": [0.9464, 0.9533, 0.9564], "avg_f1": [0.946444502406578, 0.9531929612717953, 0.9562254807622164], "avg_precision": [0.9468264178314157, 0.9534213865384082, 0.9567474800518454], "avg_recall": [0.9463999999999999, 0.9532999999999999, 0.9564], "time": [99.9217619895935, 105.83647608757019, 103.90538358688354]}, "11": {"accuracy": [0.9535, 0.9528, 0.9527], "avg_f1": [0.9537780222975638, 0.9528981177399662, 0.9525887292760611], "avg_precision": [0.9550937822586152, 0.9536155440249512, 0.9532886545630312], "avg_recall": [0.9535, 0.9527999999999999, 0.9526999999999999], "time": [102.16469240188599, 101.74018001556396, 100.02747511863708]}, "13": {"accuracy": [0.9528, 0.9381, 0.946], "avg_f1": [0.9527870522352055, 0.9377597054105138, 0.9459763950140034], "avg_precision": [0.9533510686699339, 0.9398824952320798, 0.9464207885373173], "avg_recall": [0.9528000000000001, 0.9381, 0.9460000000000001], "time": [100.24927353858948, 102.54820013046265, 101.77160978317261]}, "15": {"accuracy": [0.9486, 0.9572, 0.9493], "avg_f1": [0.9485850205684724, 0.9573055705763153, 0.9492995089435681], "avg_precision": [0.9494601457335861, 0.9579524480051568, 0.9499854646020205], "avg_recall": [0.9485999999999999, 0.9571999999999999, 0.9493], "time": [104.69647455215454, 105.0074143409729, 102.43817114830017]}}