{"3": {"accuracy": [0.9552, 0.9561, 0.9572], "avg_f1": [0.9552177541771645, 0.955943575937248, 0.9572873201036691], "avg_precision": [0.9556580324462403, 0.9570448471766968, 0.9578317636810858], "avg_recall": [0.9551999999999999, 0.9561, 0.9571999999999999], "time": [99.29771566390991, 103.94802045822144, 98.16697907447815]}, "5": {"accuracy": [0.9481, 0.9578, 0.9574], "avg_f1": [0.948185110455834, 0.9577035604701983, 0.9574546790088952], "avg_precision": [0.9492916028187418, 0.9580244293060606, 0.9580735941570712], "avg_recall": [0.9480999999999999, 0.9578, 0.9574000000000001], "time": [96.97321891784668, 99.21526503562927, 94.60326910018921]}, "7": {"accuracy": [0.9435, 0.9379, 0.9378], "avg_f1": [0.9433515852221535, 0.9379180039616191, 0.9377220602390322], "avg_precision": [0.9440919245762371, 0.9392637095488083, 0.9395894831245639], "avg_recall": [0.9435, 0.9379000000000002, 0.9378], "time": [94.91838812828064, 97.50410056114197, 93.6455991268158]}, "9": {"accuracy": [0.9294, 0.9327, 0.9157], "avg_f1": [0.9292776971310724, 0.9325502346879733, 0.9158012598989267], "avg_precision": [0.9317745113638131, 0.9343928806935369, 0.9171513797377132], "avg_recall": [0.9294, 0.9327, 0.9157], "time": [93.98475670814514, 95.1171236038208, 95.11115407943726]}, "11": {"accuracy": [0.8879, 0.9082, 0.9183], "avg_f1": [0.8881036334301916, 0.908616265791545, 0.9183085623739531], "avg_precision": [0.8923924608032993, 0.9119746992151798, 0.9192601594152624], "avg_recall": [0.8878999999999999, 0.9082000000000001, 0.9183], "time": [94.7030417919159, 98.3030354976654, 95.10217213630676]}, "13": {"accuracy": [0.8581, 0.8532, 0.8952], "avg_f1": [0.8592261246093751, 0.8538035807712097, 0.8952529766430972], "avg_precision": [0.8738444468616302, 0.8599012027441043, 0.8995867305376646], "avg_recall": [0.8581, 0.8532, 0.8952], "time": [91.05498814582825, 91.5334620475769, 93.39381074905396]}, "15": {"accuracy": [0.8543, 0.8728, 0.8117], "avg_f1": [0.8544444888611362, 0.8725476126212568, 0.8129551467079263], "avg_precision": [0.8652153928002095, 0.874147044707801, 0.8190046614071097], "avg_recall": [0.8543, 0.8728000000000001, 0.8116999999999999], "time": [98.97834920883179, 97.56753587722778, 101.76943945884705]}}