{"accuracy": [0.9555, 0.9513, 0.9621, 0.9489, 0.9576, 0.9573, 0.9541, 0.9518, 0.9558, 0.9549, 0.9529, 0.9527, 0.9534, 0.9491, 0.9535, 0.9574, 0.9599, 0.9536, 0.9586, 0.9507], "avg_f1": [0.9555211607020204, 0.9513578527246451, 0.962029139695806, 0.9487310503358823, 0.9575075246313629, 0.9572746218966982, 0.9539181906430276, 0.9518487902817275, 0.9558729804232252, 0.954870976144865, 0.9529407105530543, 0.9526050997114778, 0.9533447511371158, 0.9491298286316411, 0.9535784095895246, 0.9573307771386798, 0.959897731887156, 0.9535091976566556, 0.9586238385774128, 0.950617165117413], "avg_precision": [0.9560048230662082, 0.9531669207591019, 0.9625492065352563, 0.9495834278925989, 0.9580730252376002, 0.9575230894323259, 0.9548399145292936, 0.9522968729956585, 0.956447138420111, 0.9556649580687339, 0.9538027628712747, 0.9539623300553917, 0.9537451691940116, 0.9500512410528742, 0.9545635676810228, 0.9574827752807143, 0.9601560988766105, 0.9545277372925313, 0.9588687109366253, 0.9511331656572984], "avg_recall": [0.9554999999999998, 0.9513, 0.9621000000000001, 0.9489000000000001, 0.9576, 0.9573, 0.9541000000000001, 0.9518000000000001, 0.9558000000000002, 0.9549, 0.9529, 0.9526999999999999, 0.9533999999999999, 0.9490999999999999, 0.9534999999999998, 0.9574, 0.9599, 0.9536, 0.9586, 0.9507], "time": [115.83783292770386, 103.96632504463196, 104.35294365882874, 107.66110491752625, 101.57518815994263, 103.50939321517944, 103.21991491317749, 106.25996112823486, 103.60430860519409, 104.49294853210449, 106.38513374328613, 107.1893060207367, 101.09960532188416, 104.10554933547974, 105.9958770275116, 105.29527425765991, 101.8580527305603, 108.57999229431152, 106.2963137626648, 96.03513813018799]}