{"standard": {"accuracy": [0.01, 0.01, 0.01], "avg_f1": [0.00019801980198019803, 0.00019801980198019803, 0.00019801980198019803], "avg_precision": [0.0001, 0.0001, 0.0001], "avg_recall": [0.01, 0.01, 0.01], "time": [363.3390898704529, 372.9434790611267, 374.0163972377777]}, "mp_dilation": {"accuracy": [0.01, 0.01, 0.01], "avg_f1": [0.00019801980198019803, 0.00019801980198019803, 0.00019801980198019803], "avg_precision": [0.0001, 0.0001, 0.0001], "avg_recall": [0.01, 0.01, 0.01], "time": [1127.996372461319, 1125.035753250122, 1124.956401348114]}, "std_dilation": {"accuracy": [0.01, 0.01, 0.01], "avg_f1": [0.00019801980198019803, 0.00019801980198019803, 0.00019801980198019803], "avg_precision": [0.0001, 0.0001, 0.0001], "avg_recall": [0.01, 0.01, 0.01], "time": [1150.197390794754, 1152.5802137851715, 1152.7124915122986]}, "std_dilation_ssi": {"accuracy": [0.01, 0.01, 0.01], "avg_f1": [0.00019801980198019803, 0.00019801980198019803, 0.00019801980198019803], "avg_precision": [0.0001, 0.0001, 0.0001], "avg_recall": [0.01, 0.01, 0.01], "time": [1177.0612573623657, 1176.8855421543121, 1178.5335750579834]}}