{"standard": {"accuracy": [0.9498, 0.9524, 0.9566, 0.9505, 0.9517, 0.9562, 0.9517, 0.9433, 0.9549, 0.9597], "avg_f1": [0.9496705020912553, 0.9522891870992585, 0.9566134033426913, 0.9504994132748028, 0.9518065874683834, 0.9561708124658457, 0.9519710935934184, 0.9435407461385861, 0.9548836500264988, 0.9596992273728844], "avg_precision": [0.9501565707215803, 0.9530374702592701, 0.9573108353988504, 0.9515323943793813, 0.9524018934332185, 0.9565023931560257, 0.9533147483679828, 0.9451405159108972, 0.9560310899252016, 0.9598436825604463], "avg_recall": [0.9498, 0.9524000000000001, 0.9565999999999999, 0.9505000000000001, 0.9517000000000001, 0.9561999999999999, 0.9517000000000001, 0.9433, 0.9549, 0.9597], "time": [53.47705125808716, 59.381855487823486, 58.31565880775452, 53.705217123031616, 48.29689598083496, 49.79671907424927, 49.546640396118164, 47.430930614471436, 48.16200304031372, 51.846288204193115]}, "parabolic": {"accuracy": [0.9522, 0.9411, 0.9534, 0.9479, 0.9518, 0.9566, 0.9558, 0.9553, 0.9561, 0.963], "avg_f1": [0.9523346354166277, 0.9405426196719832, 0.95364947689513, 0.9479871136509767, 0.9516589676933748, 0.9567819649950818, 0.9560071462143928, 0.9554161086335439, 0.9562573050269567, 0.9630019753007814], "avg_precision": [0.9541890072965176, 0.9426027207536294, 0.9549388526043808, 0.9485375447202362, 0.9530230722637324, 0.9581305484533988, 0.9570175734313988, 0.9566733134873001, 0.9572330336941837, 0.9634824978922703], "avg_recall": [0.9522, 0.9411000000000002, 0.9533999999999999, 0.9479000000000001, 0.9518000000000001, 0.9565999999999999, 0.9558, 0.9553, 0.9561, 0.9629999999999999], "time": [87.1027684211731, 85.96469283103943, 85.06362795829773, 80.68673324584961, 79.48081469535828, 83.16132950782776, 81.35825514793396, 80.08943223953247, 80.7306740283966, 80.15877175331116]}}