{"standard": {"accuracy": [0.9515, 0.9498, 0.9519, 0.9483, 0.9583, 0.9496, 0.9608, 0.9418, 0.9542, 0.958, 0.9522, 0.956, 0.9583, 0.9545, 0.9527, 0.9562, 0.9518, 0.9565, 0.9511, 0.9524], "avg_f1": [0.9515087308209613, 0.9497795729220995, 0.9519426756508658, 0.9482356443300395, 0.958373276212091, 0.9494668208878576, 0.9607937187196363, 0.9419309095028267, 0.9541568298411699, 0.9580285749099173, 0.952088707456434, 0.9559858224401498, 0.95828053455855, 0.9544700199208043, 0.9528562846020577, 0.9561346035867349, 0.9519438182672619, 0.9564584597477894, 0.9510687821284461, 0.9523963121320319], "avg_precision": [0.9520920544053361, 0.9509175978881496, 0.9531910726983185, 0.9488414258701952, 0.9587428466431003, 0.9503510716329358, 0.9611051019511347, 0.9429067163751776, 0.9551669205145327, 0.9585831902836492, 0.9532952174778064, 0.9566480706208523, 0.9587236449607393, 0.9551765971790797, 0.9538866979903974, 0.9566729424262459, 0.9526594303995658, 0.9567400991467714, 0.9520079584940749, 0.9529216477461777], "avg_recall": [0.9515, 0.9498, 0.9519, 0.9482999999999999, 0.9583, 0.9496, 0.9608000000000001, 0.9418, 0.9541999999999999, 0.958, 0.9522, 0.9559999999999998, 0.9583, 0.9545, 0.9526999999999999, 0.9561999999999999, 0.9518000000000001, 0.9564999999999999, 0.9511000000000001, 0.9523999999999999], "time": [49.81683015823364, 48.07585620880127, 48.025325775146484, 47.53231644630432, 47.11642670631409, 48.069494009017944, 47.43531918525696, 47.73411250114441, 47.635146379470825, 47.48254084587097, 61.65085768699646, 59.46011543273926, 48.22090125083923, 58.090914487838745, 51.77256155014038, 51.632078409194946, 54.47356128692627, 56.58523440361023, 57.462711334228516, 58.164287090301514]}, "parabolic": {"accuracy": [0.9525, 0.9611, 0.9552, 0.9553, 0.9596, 0.9545, 0.9545, 0.9562, 0.9552, 0.9551, 0.949, 0.9568, 0.949, 0.9594, 0.9582, 0.9533, 0.9536, 0.9599, 0.9613, 0.9539], "avg_f1": [0.9524712771013478, 0.9610684500439264, 0.9551762021188808, 0.9552658081774099, 0.9595779735876887, 0.9544610379227668, 0.9545481271745245, 0.9561388158560418, 0.955363095172685, 0.9550782616621529, 0.9495021974797355, 0.9568756200060999, 0.9490490659555076, 0.9594392753236447, 0.9581309103239473, 0.9532977986690747, 0.9535227548702647, 0.9598780689549635, 0.9613005199742238, 0.9539430943523941], "avg_precision": [0.9535006977939287, 0.9613641839125375, 0.9558985013670925, 0.955796007328693, 0.9598274118252178, 0.9552569321764957, 0.9550999469526291, 0.9564079750495594, 0.9565188780208954, 0.956061857199991, 0.9517515028453646, 0.9574859783746801, 0.9503325231176675, 0.9598495547979109, 0.9589443704060953, 0.9546706180325669, 0.9543595849426616, 0.9602504486188911, 0.9619281311862569, 0.9543818892402491], "avg_recall": [0.9525, 0.9611000000000001, 0.9551999999999999, 0.9553, 0.9596, 0.9545, 0.9545, 0.9562000000000002, 0.9552000000000002, 0.9550999999999998, 0.9490000000000002, 0.9568, 0.9490000000000001, 0.9593999999999999, 0.9581999999999999, 0.9532999999999999, 0.9536, 0.9599, 0.9612999999999999, 0.9539], "time": [86.61684274673462, 98.26013684272766, 88.47016787528992, 94.91410422325134, 98.68768405914307, 92.76451897621155, 87.94011163711548, 86.8179681301117, 87.10105848312378, 91.51222324371338, 98.73595595359802, 102.02999424934387, 101.88455557823181, 97.28568267822266, 90.9123227596283, 97.10014796257019, 95.3713071346283, 97.11628913879395, 106.84932589530945, 93.94647431373596]}, "parabolic_scale_space": {"accuracy": [0.9544, 0.9552, 0.9548, 0.9498, 0.9613, 0.9587, 0.9493, 0.9652, 0.9592, 0.9614, 0.9615, 0.9574, 0.9579, 0.9563, 0.9624, 0.9565, 0.9488, 0.9619, 0.9582, 0.957], "avg_f1": [0.9545129386070303, 0.9552236648809265, 0.9548254900395634, 0.9503166865769627, 0.9612692921026798, 0.9586305564154696, 0.9491812339944363, 0.9652010918050078, 0.959242725947233, 0.9613407661071285, 0.9615348673267669, 0.9574432892108329, 0.9579113521641874, 0.9562919629635749, 0.9623612905421629, 0.9564798444692594, 0.9492897486819649, 0.9618964717852085, 0.958145719222137, 0.9570290808330801], "avg_precision": [0.9554504888356812, 0.9555918466738011, 0.9554205994495263, 0.9530559640748173, 0.9615632098263068, 0.9591478963328093, 0.9501697867937786, 0.9655947069602787, 0.9596897687850229, 0.9619822942644941, 0.9618974659266446, 0.9578459144630319, 0.9585590756268607, 0.9565673798792727, 0.9625158614352355, 0.95710273897301, 0.9519944171138006, 0.9622567928465848, 0.9587874948123076, 0.9578512623522203], "avg_recall": [0.9544, 0.9551999999999999, 0.9548, 0.9498, 0.9612999999999999, 0.9587, 0.9493000000000003, 0.9652, 0.9591999999999998, 0.9614, 0.9614999999999998, 0.9574, 0.9578999999999999, 0.9563, 0.9623999999999999, 0.9564999999999999, 0.9488000000000001, 0.9619, 0.9582, 0.9570000000000001], "time": [96.13101196289062, 96.54855227470398, 97.11988019943237, 98.30870652198792, 97.4677062034607, 100.31769037246704, 108.99032711982727, 102.67414546012878, 104.41233348846436, 105.92667746543884, 98.46050143241882, 100.09759569168091, 100.50354933738708, 97.3091082572937, 86.3777186870575, 93.75120997428894, 102.30294561386108, 92.0343177318573, 103.77621650695801, 110.93690371513367]}}