{"standard": {"accuracy": [0.1958743085433313, 0.1958743085433313, 0.1958743085433313], "avg_f1": [0.03275834377308792, 0.03275834377308792, 0.03275834377308792], "avg_precision": [0.019587430854333128, 0.019587430854333128, 0.019587430854333128], "avg_recall": [0.1, 0.1, 0.1], "time": [538.380880355835, 537.0658960342407, 542.8184161186218]}, "mp_dilation": {"accuracy": [0.1958743085433313, 0.1958743085433313, 0.1958743085433313], "avg_f1": [0.03275834377308792, 0.03275834377308792, 0.03275834377308792], "avg_precision": [0.019587430854333128, 0.019587430854333128, 0.019587430854333128], "avg_recall": [0.1, 0.1, 0.1], "time": [1677.4684450626373, 1672.564363002777, 1673.687744140625]}, "std_dilation": {"accuracy": [0.1958743085433313, 0.1958743085433313, 0.1958743085433313], "avg_f1": [0.03275834377308792, 0.03275834377308792, 0.03275834377308792], "avg_precision": [0.019587430854333128, 0.019587430854333128, 0.019587430854333128], "avg_recall": [0.1, 0.1, 0.1], "time": [1676.413593530655, 1678.2643537521362, 1675.9020528793335]}, "std_dilation_ssi": {"accuracy": [0.1958743085433313, 0.1958743085433313, 0.1958743085433313], "avg_f1": [0.03275834377308792, 0.03275834377308792, 0.03275834377308792], "avg_precision": [0.019587430854333128, 0.019587430854333128, 0.019587430854333128], "avg_recall": [0.1, 0.1, 0.1], "time": [1717.3763599395752, 1717.0690605640411, 1720.2314591407776]}}