{"vgg16_standard": {"accuracy": [0.1958743085433313], "avg_f1": [0.03275834377308792], "avg_precision": [0.019587430854333128], "avg_recall": [0.1], "time": [658.1700768470764]}, "vgg16_mp_dilation": {"accuracy": [0.1958743085433313], "avg_f1": [0.03275834377308792], "avg_precision": [0.019587430854333128], "avg_recall": [0.1], "time": [3112.0003473758698]}, "vgg16_std_dilation": {"accuracy": [0.1958743085433313], "avg_f1": [0.03275834377308792], "avg_precision": [0.019587430854333128], "avg_recall": [0.1], "time": [3047.925203561783]}, "vgg16_std_dilation_ssi": {"accuracy": [0.1958743085433313], "avg_f1": [0.03275834377308792], "avg_precision": [0.019587430854333128], "avg_recall": [0.1], "time": [3185.156990289688]}}