{"CIFAR10_standard": {"accuracy": [0.8201, 0.8196, 0.8199, 0.819, 0.819], "avg_f1": [0.8198494657583011, 0.8190079082951687, 0.8192153310379979, 0.8184670375304277, 0.8184306688142063], "avg_precision": [0.8197697329431277, 0.8186676236542185, 0.818998676516402, 0.8181811306673318, 0.8182196729357006], "avg_recall": [0.8201, 0.8196, 0.8199, 0.8190000000000002, 0.819], "time": [164.27037572860718, 165.6867814064026, 163.22904682159424, 160.4205927848816, 159.62935042381287]}, "CIFAR10_mp_dilation": {"accuracy": [0.8357, 0.8355, 0.8349, 0.8353, 0.835], "avg_f1": [0.8350358909633894, 0.8351015296489515, 0.8343284224208626, 0.8345834083314436, 0.8343180889818245], "avg_precision": [0.8346348667978937, 0.83501949267652, 0.8341308116684075, 0.8343150352517619, 0.8340359138484559], "avg_recall": [0.8357000000000001, 0.8355, 0.8349, 0.8352999999999999, 0.835], "time": [297.3047730922699, 297.80229687690735, 305.97147488594055, 287.2666368484497, 275.8819921016693]}, "CIFAR10_std_dilation": {"accuracy": [0.8399, 0.8433, 0.8424, 0.8426, 0.8423], "avg_f1": [0.8389283141378447, 0.8426038812767416, 0.8419117278996685, 0.8422006452301651, 0.8415680736927881], "avg_precision": [0.8387421961119002, 0.8425818175235165, 0.8419847063533741, 0.842199444266886, 0.8415211624623657], "avg_recall": [0.8398999999999999, 0.8432999999999999, 0.8423999999999999, 0.8426, 0.8423], "time": [274.13883113861084, 269.158851146698, 291.9501132965088, 318.81180214881897, 319.5985894203186]}, "CIFAR10_std_dilation_ssi": {"accuracy": [0.8403, 0.8398, 0.8408, 0.8413, 0.8394], "avg_f1": [0.8397835963982505, 0.8392962500332107, 0.8402355975433207, 0.8408707269782576, 0.8389815241818802], "avg_precision": [0.8395311506939602, 0.8390155829009511, 0.8399800997354564, 0.8407235515592479, 0.8387660593660978], "avg_recall": [0.8403, 0.8398, 0.8408, 0.8413, 0.8394], "time": [309.4079487323761, 285.6472899913788, 287.8569278717041, 276.31209325790405, 276.5193223953247]}}