{"SVHN_standard": {"accuracy": [0.9360786724031961, 0.9364628149969269, 0.9361555009219422, 0.9361170866625691, 0.9363475722188076], "avg_f1": [0.9296671162158635, 0.9299328580591837, 0.9295870959326017, 0.9295732924343948, 0.9297416114011792], "avg_precision": [0.9299145688812779, 0.9303267348558346, 0.929644041028671, 0.9298886419422929, 0.9300663013748871], "avg_recall": [0.9296022572179454, 0.929753366592314, 0.9297904219966556, 0.9294863814142754, 0.9296509125536712], "time": [224.543288230896, 224.9867389202118, 227.53833198547363, 231.49067401885986, 228.99770736694336]}, "SVHN_mp_dilation": {"accuracy": [0.9369622003687769, 0.9375384142593731, 0.9375384142593731, 0.9381146281499693, 0.93799938537185], "avg_f1": [0.9302068177903573, 0.930782271958206, 0.9306772784812095, 0.9314344695249275, 0.9314979594574438], "avg_precision": [0.9296426349812341, 0.9301947371217627, 0.9303171418523396, 0.9310139398148698, 0.9318173787353483], "avg_recall": [0.9309692143363048, 0.9315603011742477, 0.9312568724592285, 0.9320413558508376, 0.9313771303701863], "time": [389.6873939037323, 390.84823870658875, 392.46847796440125, 392.3495147228241, 382.8286373615265]}, "SVHN_std_dilation": {"accuracy": [0.9503687768899816, 0.9497925629993854, 0.9503687768899816, 0.9500614628149969, 0.9505224339274739], "avg_f1": [0.9456533326102488, 0.9448821616030575, 0.945608103007577, 0.945162386404958, 0.9456530448473917], "avg_precision": [0.9458964454629065, 0.9451204690873072, 0.9458473564889853, 0.9451813744723504, 0.9458707225996695], "avg_recall": [0.9456790735184143, 0.9449114664425261, 0.945616829054965, 0.9453994970686923, 0.9457087640223334], "time": [391.523770570755, 394.4880096912384, 392.21226358413696, 395.94845271110535, 396.060706615448]}, "SVHN_std_dilation_ssi": {"accuracy": [0.9484864781807006, 0.948678549477566, 0.9480639213275968, 0.9482944068838353, 0.948179164105716], "avg_f1": [0.9433857739589973, 0.9436606950398684, 0.9429250032322896, 0.943253325097299, 0.9429845760344244], "avg_precision": [0.9425609579885588, 0.9431630948528555, 0.9424127201159379, 0.942574639986059, 0.9424253649210168], "avg_recall": [0.944466422373672, 0.9443695459679828, 0.9436927523565153, 0.9441988145933028, 0.9438003760598266], "time": [403.84604835510254, 399.2196943759918, 398.4824585914612, 394.69114542007446, 389.85298228263855]}}