{"standard": {"accuracy": [0.954, 0.9512, 0.954, 0.9544, 0.9513, 0.9541, 0.9609, 0.9464, 0.9477, 0.9591, 0.9551, 0.9578, 0.9579, 0.9502, 0.9533, 0.9494, 0.9523, 0.9467, 0.9502, 0.9489], "avg_f1": [0.9539025113977004, 0.9511443195943748, 0.9539094691659635, 0.9544362747828659, 0.9513391750745301, 0.95398243182241, 0.9609105619585685, 0.9465842450848596, 0.9475859778766764, 0.9591437043844099, 0.955002000821797, 0.9577565064332465, 0.9578763085199127, 0.9501740060508549, 0.9532344491782918, 0.9494173675926694, 0.9523371185202848, 0.9468165542907693, 0.9503107943078188, 0.9488726875290325], "avg_precision": [0.9544519370674674, 0.9518466077660657, 0.9544269277089285, 0.9552963344990413, 0.9520189230540522, 0.9548100930954186, 0.9611627194849095, 0.9475183244627716, 0.9482834173561663, 0.959589125253457, 0.9553187332695925, 0.9580825649519025, 0.9580578293425731, 0.9513678774689179, 0.9537701204591265, 0.9502760134980403, 0.9529295161726349, 0.9480481399081724, 0.951171549744353, 0.9496657236218542], "avg_recall": [0.954, 0.9512, 0.954, 0.9544, 0.9513000000000001, 0.9541000000000001, 0.9609, 0.9463999999999999, 0.9476999999999999, 0.9591, 0.9550999999999998, 0.9578000000000001, 0.9578999999999999, 0.9501999999999999, 0.9532999999999999, 0.9494, 0.9522999999999999, 0.9466999999999999, 0.9501999999999999, 0.9489000000000001], "time": [60.89225649833679, 52.65134787559509, 52.55943536758423, 52.18565487861633, 54.3516948223114, 52.11830234527588, 52.86218523979187, 52.20582699775696, 52.367361545562744, 52.32187628746033, 51.84761047363281, 51.12366032600403, 51.88682961463928, 52.20552849769592, 52.073689460754395, 52.07337522506714, 52.2032265663147, 52.52816963195801, 52.2148973941803, 51.79877424240112]}, "mp_parabola": {"accuracy": [0.9381, 0.9437, 0.9529, 0.9465, 0.9363, 0.9572, 0.9615, 0.9556, 0.9455, 0.9478, 0.955, 0.9519, 0.9489, 0.9503, 0.9439, 0.9563, 0.9579, 0.9516, 0.9365, 0.9434], "avg_f1": [0.9383382841644622, 0.9440009078335724, 0.9529868390622355, 0.9465999884143239, 0.9364085133401894, 0.9571837146230837, 0.9613826693933634, 0.9555507044887255, 0.9456401531464256, 0.9477817732840503, 0.9549882738286689, 0.9517868655742519, 0.9490100708057957, 0.9502763931015634, 0.9438519071327075, 0.9564098351230642, 0.957742975993612, 0.9516224465900642, 0.9364908373465045, 0.943391314193112], "avg_precision": [0.9409873720780826, 0.945541178266668, 0.9541583346361945, 0.9474805347562351, 0.9399146618597906, 0.9575189869195414, 0.9618118979422497, 0.9561781919474749, 0.9468068979229874, 0.9488921858032221, 0.955955526756599, 0.9528112574110101, 0.9507540022160781, 0.9511947819345901, 0.9456735354167025, 0.9570147589100418, 0.9585214446660384, 0.9520442118643521, 0.9391044845656019, 0.9460107535725191], "avg_recall": [0.9381, 0.9437000000000001, 0.9529, 0.9465000000000001, 0.9362999999999999, 0.9572, 0.9615, 0.9555999999999999, 0.9454999999999998, 0.9478, 0.9549999999999998, 0.9518999999999999, 0.9488999999999999, 0.9503, 0.9439, 0.9563, 0.9579000000000001, 0.9516, 0.9364999999999999, 0.9434000000000001], "time": [93.04941987991333, 93.52224087715149, 93.02318954467773, 93.71785831451416, 93.03479337692261, 93.23189377784729, 94.10878729820251, 93.32273507118225, 93.72022747993469, 94.32190752029419, 92.117023229599, 92.65289974212646, 93.1474552154541, 92.73009991645813, 92.12081933021545, 93.20388317108154, 92.64565086364746, 92.51649618148804, 92.96105670928955, 92.30190706253052]}, "std_parabolic": {"accuracy": [0.9591, 0.9561, 0.9616, 0.9567, 0.9588, 0.9511, 0.9569, 0.9543, 0.9591, 0.9556, 0.9502, 0.9618, 0.9557, 0.9614, 0.9535, 0.9627, 0.9562, 0.9617, 0.956, 0.9526], "avg_f1": [0.9590840404890777, 0.956048058553295, 0.9615834212853516, 0.9567286683537182, 0.9587480041368075, 0.9512214827345989, 0.9569418224314203, 0.9542990529141436, 0.9591090357161752, 0.9555773260817523, 0.9505750297074194, 0.9618121736322676, 0.9556581127649583, 0.961360023772229, 0.9535629427399334, 0.9626986933364906, 0.9561141926093324, 0.9616311945219114, 0.9557809415038946, 0.952583379085395], "avg_precision": [0.959530333446302, 0.9570163774022795, 0.9618919250006787, 0.9570609717123018, 0.9596513474854602, 0.9524700954211271, 0.9577121748855761, 0.9546562853177403, 0.9596483851209193, 0.9564368904943518, 0.9534816414844439, 0.9621429163570527, 0.956050415272335, 0.9617104835568799, 0.9549634502279847, 0.9627968743803443, 0.9564290658927647, 0.9619619517782565, 0.9566367996242169, 0.9537302449266531], "avg_recall": [0.9591, 0.9561, 0.9616, 0.9567, 0.9588000000000001, 0.9511, 0.9568999999999999, 0.9543000000000001, 0.9591000000000001, 0.9555999999999999, 0.9501999999999999, 0.9617999999999999, 0.9557, 0.9614, 0.9535, 0.9626999999999999, 0.9562000000000002, 0.9616999999999999, 0.9560000000000001, 0.9526], "time": [97.37382888793945, 98.0820107460022, 97.14531350135803, 98.3420021533966, 96.1102409362793, 97.26593399047852, 97.41596937179565, 97.35817456245422, 98.35367512702942, 97.90074753761292, 98.05602645874023, 97.77767324447632, 97.88926649093628, 97.46419143676758, 98.1190390586853, 98.26091647148132, 97.89435625076294, 98.25832605361938, 97.04114389419556, 106.74839353561401]}, "std_parabolic_scale_space": {"accuracy": [0.9553, 0.9596, 0.9572, 0.957, 0.9589, 0.9585, 0.9578, 0.9561, 0.9652, 0.9602, 0.9504, 0.9631, 0.9573, 0.9575, 0.9546, 0.9576, 0.9523, 0.9587, 0.9591, 0.9608], "avg_f1": [0.9552511290915818, 0.9595513425667388, 0.9571872270392234, 0.9569115713829968, 0.9590173344071067, 0.9585156263854253, 0.9577832353991917, 0.9559786143831233, 0.965280891746661, 0.9602697120715706, 0.9502910130473714, 0.9630650345983509, 0.9574800964758217, 0.9574501521162497, 0.9545525833976644, 0.9576785988260295, 0.9523976571417618, 0.9587074333885891, 0.9590727130591012, 0.9607834471497331], "avg_precision": [0.9558531556350655, 0.9597544047580188, 0.9580632323749423, 0.9577394090420602, 0.9600649439948714, 0.9589807811072852, 0.9583656301186393, 0.9568911695157363, 0.9658430734301083, 0.9608648112323224, 0.9518537082804202, 0.9634318258319446, 0.9584297154353708, 0.9580911423458719, 0.9550037425186091, 0.9587102380055501, 0.9535756495383303, 0.9589855409856822, 0.9594677185315831, 0.9611474962916194], "avg_recall": [0.9552999999999999, 0.9595999999999998, 0.9571999999999999, 0.9570000000000001, 0.9588999999999999, 0.9584999999999999, 0.9578, 0.9561, 0.9652000000000001, 0.9601999999999998, 0.9503999999999999, 0.9631000000000001, 0.9572999999999998, 0.9574999999999999, 0.9545999999999999, 0.9576, 0.9522999999999999, 0.9587, 0.9591, 0.9607999999999999], "time": [98.07121849060059, 98.31844019889832, 98.68777132034302, 98.37453627586365, 98.18538355827332, 98.25958061218262, 98.26385855674744, 98.02110695838928, 97.62859177589417, 97.78831958770752, 96.81678318977356, 97.58398175239563, 102.5714943408966, 97.60062193870544, 97.37474250793457, 97.63594341278076, 98.26167392730713, 98.5117130279541, 97.75427770614624, 97.73557233810425]}}