{"avg_ratios_p1": [1.3767021894454956, 1.675008773803711, 1.959763765335083, 1.2614033222198486], "avg_ratios_p2": [2.3198673725128174, 3.8497908115386963, 1.8227092027664185, 6.507736682891846]}