{"1": {"scales_p1": [0.7359097599983215, 0.5975074768066406, 0.5272688865661621, 0.8702084422111511], "scales_p2": [0.44784438610076904, 0.44446298480033875, 0.44765353202819824, 0.44337400794029236], "accuracies": [0.9527, 0.9544, 0.9575, 0.9497]}, "2": {"scales_p1": [0.47546860575675964, 0.372612863779068, 0.514698326587677, 0.507595956325531], "scales_p2": [0.7181986570358276, 0.7155252695083618, 0.7483985424041748, 0.7379832863807678], "accuracies": [0.9622, 0.9599, 0.9525, 0.9529]}, "3": {"scales_p1": [0.4455910921096802, 0.523597776889801, 0.4993475079536438, 0.4899871349334717], "scales_p2": [0.9416295289993286, 0.8543791770935059, 0.9525312781333923, 0.8626824021339417], "accuracies": [0.9526, 0.9494, 0.9508, 0.9496]}, "4": {"scales_p1": [0.6250172257423401, 0.49097999930381775, 0.46857351064682007, 0.48416849970817566], "scales_p2": [0.9619794487953186, 0.9754335284233093, 1.0363562107086182, 0.985893964767456], "accuracies": [0.9432, 0.9389, 0.9399, 0.9456]}}