{"avg_ratios_p1": [1.8573417663574219, 2.4352457523345947, 11.106337547302246, 1.447081446647644], "avg_ratios_p2": [2.4174325466156006, 3.940159797668457, 4.919733047485352, 7.165862083435059]}